,name_ru,name_en
0,,Kabul
1,,Qandahar
2,,Herat
3,,Mazar-e-Sharif
4,,Amsterdam
5,,Rotterdam
6,,Haag
7,,Utrecht
8,,Eindhoven
9,,Tilburg
10,,Groningen
11,,Breda
12,,Apeldoorn
13,,Nijmegen
14,,Enschede
15,,Haarlem
16,,Almere
17,,Arnhem
18,,Zaanstad
19,,´s-Hertogenbosch
20,,Amersfoort
21,,Maastricht
22,,Dordrecht
23,,Leiden
24,,Haarlemmermeer
25,,Zoetermeer
26,,Emmen
27,,Zwolle
28,,Ede
29,,Delft
30,,Heerlen
31,,Alkmaar
32,,Willemstad
33,,Tirana
34,,Alger
35,,Oran
36,,Constantine
37,,Annaba
38,,Batna
39,,Sétif
40,,Sidi Bel Abbès
41,,Skikda
42,,Biskra
43,,Blida (el-Boulaida)
44,,Béjaïa
45,,Mostaganem
46,,Tébessa
47,,Tlemcen (Tilimsen)
48,,Béchar
49,,Tiaret
50,,Ech-Chleff (el-Asnam)
51,,Ghardaïa
52,,Tafuna
53,,Fagatogo
54,,Andorra la Vella
55,,Luanda
56,,Huambo
57,,Lobito
58,,Benguela
59,,Namibe
60,,South Hill
61,,The Valley
62,,Saint John´s
63,,Dubai
64,,Abu Dhabi
65,,Sharja
66,,al-Ayn
67,,Ajman
68,,Buenos Aires
69,,La Matanza
70,,Córdoba
71,,Rosario
72,,Lomas de Zamora
73,,Quilmes
74,,Almirante Brown
75,,La Plata
76,,Mar del Plata
77,,San Miguel de Tucumán
78,,Lanús
79,,Merlo
80,,General San Martín
81,,Salta
82,,Moreno
83,,Santa Fé
84,,Avellaneda
85,,Tres de Febrero
86,,Morón
87,,Florencio Varela
88,,San Isidro
89,,Tigre
90,,Malvinas Argentinas
91,,Vicente López
92,,Berazategui
93,,Corrientes
94,,San Miguel
95,,Bahía Blanca
96,,Esteban Echeverría
97,,Resistencia
98,,José C. Paz
99,,Paraná
100,,Godoy Cruz
101,,Posadas
102,,Guaymallén
103,,Santiago del Estero
104,,San Salvador de Jujuy
105,,Hurlingham
106,,Neuquén
107,,Ituzaingó
108,,San Fernando
109,,Formosa
110,,Las Heras
111,,La Rioja
112,,San Fernando del Valle de Cata
113,,Río Cuarto
114,,Comodoro Rivadavia
115,,Mendoza
116,,San Nicolás de los Arroyos
117,,San Juan
118,,Escobar
119,,Concordia
120,,Pilar
121,,San Luis
122,,Ezeiza
123,,San Rafael
124,,Tandil
125,,Yerevan
126,,Gjumri
127,,Vanadzor
128,,Oranjestad
129,Сидней,Sydney
130,,Melbourne
131,,Brisbane
132,,Perth
133,,Adelaide
134,,Canberra
135,,Gold Coast
136,,Newcastle
137,,Central Coast
138,,Wollongong
139,,Hobart
140,,Geelong
141,,Townsville
142,,Cairns
143,,Baku
144,,Gäncä
145,,Sumqayit
146,,Mingäçevir
147,,Nassau
148,,al-Manama
149,,Dhaka
150,,Chittagong
151,,Khulna
152,,Rajshahi
153,,Narayanganj
154,,Rangpur
155,,Mymensingh
156,,Barisal
157,,Tungi
158,,Jessore
159,,Comilla
160,,Nawabganj
161,,Dinajpur
162,,Bogra
163,,Sylhet
164,,Brahmanbaria
165,,Tangail
166,,Jamalpur
167,,Pabna
168,,Naogaon
169,,Sirajganj
170,,Narsinghdi
171,,Saidpur
172,,Gazipur
173,,Bridgetown
174,,Antwerpen
175,,Gent
176,,Charleroi
177,,Liège
178,,Bruxelles [Brussel]
179,,Brugge
180,,Schaerbeek
181,,Namur
182,,Mons
183,,Belize City
184,,Belmopan
185,,Cotonou
186,,Porto-Novo
187,,Djougou
188,,Parakou
189,,Saint George
190,,Hamilton
191,,Thimphu
192,,Santa Cruz de la Sierra
193,,La Paz
194,,El Alto
195,,Cochabamba
196,,Oruro
197,,Sucre
198,,Potosí
199,,Tarija
200,,Sarajevo
201,,Banja Luka
202,,Zenica
203,,Gaborone
204,,Francistown
205,,São Paulo
206,,Rio de Janeiro
207,,Salvador
208,,Belo Horizonte
209,,Fortaleza
210,,Brasília
211,,Curitiba
212,,Recife
213,,Porto Alegre
214,,Manaus
215,,Belém
216,,Guarulhos
217,,Goiânia
218,,Campinas
219,,São Gonçalo
220,,Nova Iguaçu
221,,São Luís
222,,Maceió
223,,Duque de Caxias
224,,São Bernardo do Campo
225,,Teresina
226,,Natal
227,,Osasco
228,,Campo Grande
229,,Santo André
230,,João Pessoa
231,,Jaboatão dos Guararapes
232,,Contagem
233,,São José dos Campos
234,,Uberlândia
235,,Feira de Santana
236,,Ribeirão Preto
237,,Sorocaba
238,,Niterói
239,,Cuiabá
240,,Juiz de Fora
241,,Aracaju
242,,São João de Meriti
243,,Londrina
244,,Joinville
245,,Belford Roxo
246,,Santos
247,,Ananindeua
248,,Campos dos Goytacazes
249,,Mauá
250,,Carapicuíba
251,,Olinda
252,,Campina Grande
253,,São José do Rio Preto
254,,Caxias do Sul
255,,Moji das Cruzes
256,,Diadema
257,,Aparecida de Goiânia
258,,Piracicaba
259,,Cariacica
260,,Vila Velha
261,,Pelotas
262,,Bauru
263,,Porto Velho
264,,Serra
265,,Betim
266,,Jundíaí
267,,Canoas
268,,Franca
269,,São Vicente
270,,Maringá
271,,Montes Claros
272,,Anápolis
273,,Florianópolis
274,,Petrópolis
275,,Itaquaquecetuba
276,,Vitória
277,,Ponta Grossa
278,,Rio Branco
279,,Foz do Iguaçu
280,,Macapá
281,,Ilhéus
282,,Vitória da Conquista
283,,Uberaba
284,,Paulista
285,,Limeira
286,,Blumenau
287,,Caruaru
288,,Santarém
289,,Volta Redonda
290,,Novo Hamburgo
291,,Caucaia
292,,Santa Maria
293,,Cascavel
294,,Guarujá
295,,Ribeirão das Neves
296,,Governador Valadares
297,,Taubaté
298,,Imperatriz
299,,Gravataí
300,,Embu
301,,Mossoró
302,,Várzea Grande
303,,Petrolina
304,,Barueri
305,,Viamão
306,,Ipatinga
307,,Juazeiro
308,,Juazeiro do Norte
309,,Taboão da Serra
310,,São José dos Pinhais
311,,Magé
312,,Suzano
313,,São Leopoldo
314,,Marília
315,,São Carlos
316,,Sumaré
317,,Presidente Prudente
318,,Divinópolis
319,,Sete Lagoas
320,,Rio Grande
321,,Itabuna
322,,Jequié
323,,Arapiraca
324,,Colombo
325,,Americana
326,,Alvorada
327,,Araraquara
328,,Itaboraí
329,,Santa Bárbara d´Oeste
330,,Nova Friburgo
331,,Jacareí
332,,Araçatuba
333,,Barra Mansa
334,,Praia Grande
335,,Marabá
336,,Criciúma
337,,Boa Vista
338,,Passo Fundo
339,,Dourados
340,,Santa Luzia
341,,Rio Claro
342,,Maracanaú
343,,Guarapuava
344,,Rondonópolis
345,,São José
346,,Cachoeiro de Itapemirim
347,,Nilópolis
348,,Itapevi
349,,Cabo de Santo Agostinho
350,,Camaçari
351,,Sobral
352,,Itajaí
353,,Chapecó
354,,Cotia
355,,Lages
356,,Ferraz de Vasconcelos
357,,Indaiatuba
358,,Hortolândia
359,,Caxias
360,,São Caetano do Sul
361,,Itu
362,,Nossa Senhora do Socorro
363,,Parnaíba
364,,Poços de Caldas
365,,Teresópolis
366,,Barreiras
367,,Castanhal
368,,Alagoinhas
369,,Itapecerica da Serra
370,,Uruguaiana
371,,Paranaguá
372,,Ibirité
373,,Timon
374,,Luziânia
375,,Macaé
376,,Teófilo Otoni
377,,Moji-Guaçu
378,,Palmas
379,,Pindamonhangaba
380,,Francisco Morato
381,,Bagé
382,,Sapucaia do Sul
383,,Cabo Frio
384,,Itapetininga
385,,Patos de Minas
386,,Camaragibe
387,,Bragança Paulista
388,,Queimados
389,,Araguaína
390,,Garanhuns
391,,Vitória de Santo Antão
392,,Santa Rita
393,,Barbacena
394,,Abaetetuba
395,,Jaú
396,,Lauro de Freitas
397,,Franco da Rocha
398,,Teixeira de Freitas
399,,Varginha
400,,Ribeirão Pires
401,,Sabará
402,,Catanduva
403,,Rio Verde
404,,Botucatu
405,,Colatina
406,,Santa Cruz do Sul
407,,Linhares
408,,Apucarana
409,,Barretos
410,,Guaratinguetá
411,,Cachoeirinha
412,,Codó
413,,Jaraguá do Sul
414,,Cubatão
415,,Itabira
416,,Itaituba
417,,Araras
418,,Resende
419,,Atibaia
420,,Pouso Alegre
421,,Toledo
422,,Crato
423,,Passos
424,,Araguari
425,,São José de Ribamar
426,,Pinhais
427,,Sertãozinho
428,,Conselheiro Lafaiete
429,,Paulo Afonso
430,,Angra dos Reis
431,,Eunápolis
432,,Salto
433,,Ourinhos
434,,Parnamirim
435,,Jacobina
436,,Coronel Fabriciano
437,,Birigui
438,,Tatuí
439,,Ji-Paraná
440,,Bacabal
441,,Cametá
442,,Guaíba
443,,São Lourenço da Mata
444,,Santana do Livramento
445,,Votorantim
446,,Campo Largo
447,,Patos
448,,Ituiutaba
449,,Corumbá
450,,Palhoça
451,,Barra do Piraí
452,,Bento Gonçalves
453,,Poá
454,,Águas Lindas de Goiás
455,,London
456,,Birmingham
457,,Glasgow
458,,Liverpool
459,,Edinburgh
460,,Sheffield
461,,Manchester
462,,Leeds
463,,Bristol
464,,Cardiff
465,,Coventry
466,,Leicester
467,,Bradford
468,,Belfast
469,,Nottingham
470,,Kingston upon Hull
471,,Plymouth
472,,Stoke-on-Trent
473,,Wolverhampton
474,,Derby
475,,Swansea
476,,Southampton
477,,Aberdeen
478,,Northampton
479,,Dudley
480,,Portsmouth
481,,Newcastle upon Tyne
482,,Sunderland
483,,Luton
484,,Swindon
485,,Southend-on-Sea
486,,Walsall
487,,Bournemouth
488,,Peterborough
489,,Brighton
490,,Blackpool
491,,Dundee
492,,West Bromwich
493,,Reading
494,,Oldbury/Smethwick (Warley)
495,,Middlesbrough
496,,Huddersfield
497,,Oxford
498,,Poole
499,,Bolton
500,,Blackburn
501,,Newport
502,,Preston
503,,Stockport
504,,Norwich
505,,Rotherham
506,,Cambridge
507,,Watford
508,,Ipswich
509,,Slough
510,,Exeter
511,,Cheltenham
512,,Gloucester
513,,Saint Helens
514,,Sutton Coldfield
515,,York
516,,Oldham
517,,Basildon
518,,Worthing
519,,Chelmsford
520,,Colchester
521,,Crawley
522,,Gillingham
523,,Solihull
524,,Rochdale
525,,Birkenhead
526,,Worcester
527,,Hartlepool
528,,Halifax
529,,Woking/Byfleet
530,,Southport
531,,Maidstone
532,,Eastbourne
533,,Grimsby
534,,Saint Helier
535,,Douglas
536,,Road Town
537,,Bandar Seri Begawan
538,,Sofija
539,,Plovdiv
540,,Varna
541,,Burgas
542,,Ruse
543,,Stara Zagora
544,,Pleven
545,,Sliven
546,,Dobric
547,,umen
548,,Ouagadougou
549,,Bobo-Dioulasso
550,,Koudougou
551,,Bujumbura
552,,George Town
553,,Santiago de Chile
554,,Puente Alto
555,,Viña del Mar
556,,Valparaíso
557,,Talcahuano
558,,Antofagasta
559,,San Bernardo
560,,Temuco
561,,Concepción
562,,Rancagua
563,,Arica
564,,Talca
565,,Chillán
566,,Iquique
567,Лос-Анджелес,Los Angeles
568,,Puerto Montt
569,,Coquimbo
570,,Osorno
571,,La Serena
572,,Calama
573,,Valdivia
574,,Punta Arenas
575,,Copiapó
576,,Quilpué
577,,Curicó
578,,Ovalle
579,,Coronel
580,,San Pedro de la Paz
581,,Melipilla
582,,Avarua
583,,San José
584,,Djibouti
585,,Roseau
586,,Santo Domingo de Guzmán
587,,Santiago de los Caballeros
588,,La Romana
589,,San Pedro de Macorís
590,,San Francisco de Macorís
591,,San Felipe de Puerto Plata
592,,Guayaquil
593,,Quito
594,,Cuenca
595,,Machala
596,,Santo Domingo de los Colorados
597,,Portoviejo
598,,Ambato
599,,Manta
600,,Duran [Eloy Alfaro]
601,,Ibarra
602,,Quevedo
603,,Milagro
604,,Loja
605,,Ríobamba
606,,Esmeraldas
607,,Cairo
608,,Alexandria
609,,Giza
610,,Shubra al-Khayma
611,,Port Said
612,,Suez
613,,al-Mahallat al-Kubra
614,,Tanta
615,,al-Mansura
616,,Luxor
617,,Asyut
618,,Bahtim
619,,Zagazig
620,,al-Faiyum
621,,Ismailia
622,,Kafr al-Dawwar
623,,Assuan
624,,Damanhur
625,,al-Minya
626,,Bani Suwayf
627,,Qina
628,,Sawhaj
629,,Shibin al-Kawm
630,,Bulaq al-Dakrur
631,,Banha
632,,Warraq al-Arab
633,,Kafr al-Shaykh
634,,Mallawi
635,,Bilbays
636,,Mit Ghamr
637,,al-Arish
638,,Talkha
639,,Qalyub
640,,Jirja
641,,Idfu
642,,al-Hawamidiya
643,,Disuq
644,,San Salvador
645,,Santa Ana
646,,Mejicanos
647,,Soyapango
648,,San Miguel
649,,Nueva San Salvador
650,,Apopa
651,,Asmara
652,,Madrid
653,,Barcelona
654,,Valencia
655,,Sevilla
656,,Zaragoza
657,,Málaga
658,,Bilbao
659,,Las Palmas de Gran Canaria
660,,Murcia
661,,Palma de Mallorca
662,,Valladolid
663,,Córdoba
664,,Vigo
665,,Alicante [Alacant]
666,,Gijón
667,,L´Hospitalet de Llobregat
668,,Granada
669,,A Coruña (La Coruña)
670,,Vitoria-Gasteiz
671,,Santa Cruz de Tenerife
672,,Badalona
673,,Oviedo
674,,Móstoles
675,,Elche [Elx]
676,,Sabadell
677,,Santander
678,,Jerez de la Frontera
679,,Pamplona [Iruña]
680,,Donostia-San Sebastián
681,,Cartagena
682,,Leganés
683,,Fuenlabrada
684,,Almería
685,,Terrassa
686,,Alcalá de Henares
687,,Burgos
688,,Salamanca
689,,Albacete
690,,Getafe
691,,Cádiz
692,,Alcorcón
693,,Huelva
694,,León
695,,Castellón de la Plana [Castell
696,,Badajoz
697,,[San Cristóbal de] la Laguna
698,,Logroño
699,,Santa Coloma de Gramenet
700,,Tarragona
701,,Lleida (Lérida)
702,,Jaén
703,,Ourense (Orense)
704,,Mataró
705,,Algeciras
706,,Marbella
707,,Barakaldo
708,,Dos Hermanas
709,,Santiago de Compostela
710,,Torrejón de Ardoz
711,,Cape Town
712,,Soweto
713,,Johannesburg
714,,Port Elizabeth
715,,Pretoria
716,,Inanda
717,,Durban
718,,Vanderbijlpark
719,,Kempton Park
720,,Alberton
721,,Pinetown
722,,Pietermaritzburg
723,,Benoni
724,,Randburg
725,,Umlazi
726,,Bloemfontein
727,,Vereeniging
728,,Wonderboom
729,,Roodepoort
730,,Boksburg
731,,Klerksdorp
732,,Soshanguve
733,,Newcastle
734,,East London
735,,Welkom
736,,Kimberley
737,,Uitenhage
738,,Chatsworth
739,,Mdantsane
740,,Krugersdorp
741,,Botshabelo
742,,Brakpan
743,,Witbank
744,,Oberholzer
745,,Germiston
746,,Springs
747,,Westonaria
748,,Randfontein
749,,Paarl
750,,Potchefstroom
751,,Rustenburg
752,,Nigel
753,,George
754,,Ladysmith
755,,Addis Abeba
756,,Dire Dawa
757,,Nazret
758,,Gonder
759,,Dese
760,,Mekele
761,,Bahir Dar
762,,Stanley
763,,Suva
764,,Quezon
765,,Manila
766,,Kalookan
767,,Davao
768,,Cebu
769,,Zamboanga
770,,Pasig
771,,Valenzuela
772,,Las Piñas
773,,Antipolo
774,,Taguig
775,,Cagayan de Oro
776,,Parañaque
777,,Makati
778,,Bacolod
779,,General Santos
780,,Marikina
781,,Dasmariñas
782,,Muntinlupa
783,,Iloilo
784,,Pasay
785,,Malabon
786,,San José del Monte
787,,Bacoor
788,,Iligan
789,,Calamba
790,,Mandaluyong
791,,Butuan
792,,Angeles
793,,Tarlac
794,,Mandaue
795,,Baguio
796,,Batangas
797,,Cainta
798,,San Pedro
799,,Navotas
800,,Cabanatuan
801,,San Fernando
802,,Lipa
803,,Lapu-Lapu
804,,San Pablo
805,,Biñan
806,,Taytay
807,,Lucena
808,,Imus
809,,Olongapo
810,,Binangonan
811,,Santa Rosa
812,,Tagum
813,,Tacloban
814,,Malolos
815,,Mabalacat
816,,Cotabato
817,,Meycauayan
818,,Puerto Princesa
819,,Legazpi
820,,Silang
821,,Ormoc
822,,San Carlos
823,,Kabankalan
824,,Talisay
825,,Valencia
826,,Calbayog
827,,Santa Maria
828,,Pagadian
829,,Cadiz
830,,Bago
831,,Toledo
832,,Naga
833,,San Mateo
834,,Panabo
835,,Koronadal
836,,Marawi
837,,Dagupan
838,,Sagay
839,,Roxas
840,,Lubao
841,,Digos
842,,San Miguel
843,,Malaybalay
844,,Tuguegarao
845,,Ilagan
846,,Baliuag
847,,Surigao
848,,San Carlos
849,,San Juan del Monte
850,,Tanauan
851,,Concepcion
852,,Rodriguez (Montalban)
853,,Sariaya
854,,Malasiqui
855,,General Mariano Alvarez
856,,Urdaneta
857,,Hagonoy
858,,San Jose
859,,Polomolok
860,,Santiago
861,,Tanza
862,,Ozamis
863,,Mexico
864,,San Jose
865,,Silay
866,,General Trias
867,,Tabaco
868,,Cabuyao
869,,Calapan
870,,Mati
871,,Midsayap
872,,Cauayan
873,,Gingoog
874,,Dumaguete
875,,San Fernando
876,,Arayat
877,,Bayawan (Tulong)
878,,Kidapawan
879,,Daraga (Locsin)
880,,Marilao
881,,Malita
882,,Dipolog
883,,Cavite
884,,Danao
885,,Bislig
886,,Talavera
887,,Guagua
888,,Bayambang
889,,Nasugbu
890,,Baybay
891,,Capas
892,,Sultan Kudarat
893,,Laoag
894,,Bayugan
895,,Malungon
896,,Santa Cruz
897,,Sorsogon
898,,Candelaria
899,,Ligao
900,,Tórshavn
901,,Libreville
902,,Serekunda
903,,Banjul
904,Тбилиси,Tbilisi
905,Кутаиси,Kutaisi
906,,Rustavi
907,Батуми,Batumi
908,,Sohumi
909,,Accra
910,,Kumasi
911,,Tamale
912,,Tema
913,,Sekondi-Takoradi
914,,Gibraltar
915,,Saint George´s
916,,Nuuk
917,,Les Abymes
918,,Basse-Terre
919,,Tamuning
920,,Agaña
921,,Ciudad de Guatemala
922,,Mixco
923,,Villa Nueva
924,,Quetzaltenango
925,,Conakry
926,,Bissau
927,,Georgetown
928,,Port-au-Prince
929,,Carrefour
930,,Delmas
931,,Le-Cap-Haïtien
932,,Tegucigalpa
933,,San Pedro Sula
934,,La Ceiba
935,,Kowloon and New Kowloon
936,,Victoria
937,,Longyearbyen
938,,Jakarta
939,,Surabaya
940,,Bandung
941,,Medan
942,,Palembang
943,,Tangerang
944,,Semarang
945,,Ujung Pandang
946,,Malang
947,,Bandar Lampung
948,,Bekasi
949,,Padang
950,,Surakarta
951,,Banjarmasin
952,,Pekan Baru
953,,Denpasar
954,,Yogyakarta
955,,Pontianak
956,,Samarinda
957,,Jambi
958,,Depok
959,,Cimahi
960,,Balikpapan
961,,Manado
962,,Mataram
963,,Pekalongan
964,,Tegal
965,,Bogor
966,,Ciputat
967,,Pondokgede
968,,Cirebon
969,,Kediri
970,,Ambon
971,,Jember
972,,Cilacap
973,,Cimanggis
974,,Pematang Siantar
975,,Purwokerto
976,,Ciomas
977,,Tasikmalaya
978,,Madiun
979,,Bengkulu
980,,Karawang
981,,Banda Aceh
982,,Palu
983,,Pasuruan
984,,Kupang
985,,Tebing Tinggi
986,,Percut Sei Tuan
987,,Binjai
988,,Sukabumi
989,,Waru
990,,Pangkal Pinang
991,,Magelang
992,,Blitar
993,,Serang
994,,Probolinggo
995,,Cilegon
996,,Cianjur
997,,Ciparay
998,,Lhokseumawe
999,,Taman
1000,,Depok
1001,,Citeureup
1002,,Pemalang
1003,,Klaten
1004,,Salatiga
1005,,Cibinong
1006,,Palangka Raya
1007,,Mojokerto
1008,,Purwakarta
1009,,Garut
1010,,Kudus
1011,,Kendari
1012,,Jaya Pura
1013,,Gorontalo
1014,,Majalaya
1015,,Pondok Aren
1016,,Jombang
1017,,Sunggal
1018,,Batam
1019,,Padang Sidempuan
1020,,Sawangan
1021,,Banyuwangi
1022,,Tanjung Pinang
1023,,Mumbai (Bombay)
1024,,Delhi
1025,,Calcutta [Kolkata]
1026,,Chennai (Madras)
1027,,Hyderabad
1028,,Ahmedabad
1029,,Bangalore
1030,,Kanpur
1031,,Nagpur
1032,,Lucknow
1033,,Pune
1034,,Surat
1035,,Jaipur
1036,,Indore
1037,,Bhopal
1038,,Ludhiana
1039,,Vadodara (Baroda)
1040,,Kalyan
1041,,Madurai
1042,,Haora (Howrah)
1043,,Varanasi (Benares)
1044,,Patna
1045,,Srinagar
1046,,Agra
1047,,Coimbatore
1048,,Thane (Thana)
1049,,Allahabad
1050,,Meerut
1051,,Vishakhapatnam
1052,,Jabalpur
1053,,Amritsar
1054,,Faridabad
1055,,Vijayawada
1056,,Gwalior
1057,,Jodhpur
1058,,Nashik (Nasik)
1059,,Hubli-Dharwad
1060,,Solapur (Sholapur)
1061,,Ranchi
1062,,Bareilly
1063,,Guwahati (Gauhati)
1064,,Shambajinagar (Aurangabad)
1065,,Cochin (Kochi)
1066,,Rajkot
1067,,Kota
1068,,Thiruvananthapuram (Trivandrum
1069,,Pimpri-Chinchwad
1070,,Jalandhar (Jullundur)
1071,,Gorakhpur
1072,,Chandigarh
1073,,Mysore
1074,,Aligarh
1075,,Guntur
1076,,Jamshedpur
1077,,Ghaziabad
1078,,Warangal
1079,,Raipur
1080,,Moradabad
1081,,Durgapur
1082,,Amravati
1083,,Calicut (Kozhikode)
1084,,Bikaner
1085,,Bhubaneswar
1086,,Kolhapur
1087,,Kataka (Cuttack)
1088,,Ajmer
1089,,Bhavnagar
1090,,Tiruchirapalli
1091,,Bhilai
1092,,Bhiwandi
1093,,Saharanpur
1094,,Ulhasnagar
1095,,Salem
1096,,Ujjain
1097,,Malegaon
1098,,Jamnagar
1099,,Bokaro Steel City
1100,,Akola
1101,,Belgaum
1102,,Rajahmundry
1103,,Nellore
1104,,Udaipur
1105,,New Bombay
1106,,Bhatpara
1107,,Gulbarga
1108,,New Delhi
1109,,Jhansi
1110,,Gaya
1111,,Kakinada
1112,,Dhule (Dhulia)
1113,,Panihati
1114,,Nanded (Nander)
1115,,Mangalore
1116,,Dehra Dun
1117,,Kamarhati
1118,,Davangere
1119,,Asansol
1120,,Bhagalpur
1121,,Bellary
1122,,Barddhaman (Burdwan)
1123,,Rampur
1124,,Jalgaon
1125,,Muzaffarpur
1126,,Nizamabad
1127,,Muzaffarnagar
1128,,Patiala
1129,,Shahjahanpur
1130,,Kurnool
1131,,Tiruppur (Tirupper)
1132,,Rohtak
1133,,South Dum Dum
1134,,Mathura
1135,,Chandrapur
1136,,Barahanagar (Baranagar)
1137,,Darbhanga
1138,,Siliguri (Shiliguri)
1139,,Raurkela
1140,,Ambattur
1141,,Panipat
1142,,Firozabad
1143,,Ichalkaranji
1144,,Jammu
1145,,Ramagundam
1146,,Eluru
1147,,Brahmapur
1148,,Alwar
1149,,Pondicherry
1150,,Thanjavur
1151,,Bihar Sharif
1152,,Tuticorin
1153,,Imphal
1154,,Latur
1155,,Sagar
1156,,Farrukhabad-cum-Fatehgarh
1157,,Sangli
1158,,Parbhani
1159,,Nagar Coil
1160,,Bijapur
1161,,Kukatpalle
1162,,Bally
1163,,Bhilwara
1164,,Ratlam
1165,,Avadi
1166,,Dindigul
1167,,Ahmadnagar
1168,,Bilaspur
1169,,Shimoga
1170,,Kharagpur
1171,,Mira Bhayandar
1172,,Vellore
1173,,Jalna
1174,,Burnpur
1175,,Anantapur
1176,,Allappuzha (Alleppey)
1177,,Tirupati
1178,,Karnal
1179,,Burhanpur
1180,,Hisar (Hissar)
1181,,Tiruvottiyur
1182,,Mirzapur-cum-Vindhyachal
1183,,Secunderabad
1184,,Nadiad
1185,,Dewas
1186,,Murwara (Katni)
1187,,Ganganagar
1188,,Vizianagaram
1189,,Erode
1190,,Machilipatnam (Masulipatam)
1191,,Bhatinda (Bathinda)
1192,,Raichur
1193,,Agartala
1194,,Arrah (Ara)
1195,,Satna
1196,,Lalbahadur Nagar
1197,,Aizawl
1198,,Uluberia
1199,,Katihar
1200,,Cuddalore
1201,,Hugli-Chinsurah
1202,,Dhanbad
1203,,Raiganj
1204,,Sambhal
1205,,Durg
1206,,Munger (Monghyr)
1207,,Kanchipuram
1208,,North Dum Dum
1209,,Karimnagar
1210,,Bharatpur
1211,,Sikar
1212,,Hardwar (Haridwar)
1213,,Dabgram
1214,,Morena
1215,,Noida
1216,,Hapur
1217,,Bhusawal
1218,,Khandwa
1219,,Yamuna Nagar
1220,,Sonipat (Sonepat)
1221,,Tenali
1222,,Raurkela Civil Township
1223,,Kollam (Quilon)
1224,,Kumbakonam
1225,,Ingraj Bazar (English Bazar)
1226,,Timkur
1227,,Amroha
1228,,Serampore
1229,,Chapra
1230,,Pali
1231,,Maunath Bhanjan
1232,,Adoni
1233,,Jaunpur
1234,,Tirunelveli
1235,,Bahraich
1236,,Gadag Betigeri
1237,,Proddatur
1238,,Chittoor
1239,,Barrackpur
1240,,Bharuch (Broach)
1241,,Naihati
1242,,Shillong
1243,,Sambalpur
1244,,Junagadh
1245,,Rae Bareli
1246,,Rewa
1247,,Gurgaon
1248,,Khammam
1249,,Bulandshahr
1250,,Navsari
1251,,Malkajgiri
1252,,Midnapore (Medinipur)
1253,,Miraj
1254,,Raj Nandgaon
1255,,Alandur
1256,,Puri
1257,,Navadwip
1258,,Sirsa
1259,,Korba
1260,,Faizabad
1261,,Etawah
1262,,Pathankot
1263,,Gandhinagar
1264,,Palghat (Palakkad)
1265,,Veraval
1266,,Hoshiarpur
1267,,Ambala
1268,,Sitapur
1269,,Bhiwani
1270,,Cuddapah
1271,,Bhimavaram
1272,,Krishnanagar
1273,,Chandannagar
1274,,Mandya
1275,,Dibrugarh
1276,,Nandyal
1277,,Balurghat
1278,,Neyveli
1279,,Fatehpur
1280,,Mahbubnagar
1281,,Budaun
1282,,Porbandar
1283,,Silchar
1284,,Berhampore (Baharampur)
1285,,Purnea (Purnia)
1286,,Bankura
1287,,Rajapalaiyam
1288,,Titagarh
1289,,Halisahar
1290,,Hathras
1291,,Bhir (Bid)
1292,,Pallavaram
1293,,Anand
1294,,Mango
1295,,Santipur
1296,,Bhind
1297,,Gondiya
1298,,Tiruvannamalai
1299,,Yeotmal (Yavatmal)
1300,,Kulti-Barakar
1301,,Moga
1302,,Shivapuri
1303,,Bidar
1304,,Guntakal
1305,,Unnao
1306,,Barasat
1307,,Tambaram
1308,,Abohar
1309,,Pilibhit
1310,,Valparai
1311,,Gonda
1312,,Surendranagar
1313,,Qutubullapur
1314,,Beawar
1315,,Hindupur
1316,,Gandhidham
1317,,Haldwani-cum-Kathgodam
1318,,Tellicherry (Thalassery)
1319,,Wardha
1320,,Rishra
1321,,Bhuj
1322,,Modinagar
1323,,Gudivada
1324,,Basirhat
1325,,Uttarpara-Kotrung
1326,,Ongole
1327,,North Barrackpur
1328,,Guna
1329,,Haldia
1330,,Habra
1331,,Kanchrapara
1332,,Tonk
1333,,Champdani
1334,,Orai
1335,,Pudukkottai
1336,,Sasaram
1337,,Hazaribag
1338,,Palayankottai
1339,,Banda
1340,,Godhra
1341,,Hospet
1342,,Ashoknagar-Kalyangarh
1343,,Achalpur
1344,,Patan
1345,,Mandasor
1346,,Damoh
1347,,Satara
1348,,Meerut Cantonment
1349,,Dehri
1350,,Delhi Cantonment
1351,,Chhindwara
1352,,Bansberia
1353,,Nagaon
1354,,Kanpur Cantonment
1355,,Vidisha
1356,,Bettiah
1357,,Purulia
1358,,Hassan
1359,,Ambala Sadar
1360,,Baidyabati
1361,,Morvi
1362,,Raigarh
1363,,Vejalpur
1364,,Baghdad
1365,,Mosul
1366,,Irbil
1367,,Kirkuk
1368,,Basra
1369,,al-Sulaymaniya
1370,,al-Najaf
1371,,Karbala
1372,,al-Hilla
1373,,al-Nasiriya
1374,,al-Amara
1375,,al-Diwaniya
1376,,al-Ramadi
1377,,al-Kut
1378,,Baquba
1379,,Teheran
1380,,Mashhad
1381,,Esfahan
1382,,Tabriz
1383,,Shiraz
1384,,Karaj
1385,,Ahvaz
1386,,Qom
1387,,Kermanshah
1388,,Urmia
1389,,Zahedan
1390,,Rasht
1391,,Hamadan
1392,,Kerman
1393,,Arak
1394,,Ardebil
1395,,Yazd
1396,,Qazvin
1397,,Zanjan
1398,,Sanandaj
1399,,Bandar-e-Abbas
1400,,Khorramabad
1401,,Eslamshahr
1402,,Borujerd
1403,,Abadan
1404,,Dezful
1405,,Kashan
1406,,Sari
1407,,Gorgan
1408,,Najafabad
1409,,Sabzevar
1410,,Khomeynishahr
1411,,Amol
1412,,Neyshabur
1413,,Babol
1414,,Khoy
1415,,Malayer
1416,,Bushehr
1417,,Qaemshahr
1418,,Qarchak
1419,,Qods
1420,,Sirjan
1421,,Bojnurd
1422,,Maragheh
1423,,Birjand
1424,,Ilam
1425,,Bukan
1426,,Masjed-e-Soleyman
1427,,Saqqez
1428,,Gonbad-e Qabus
1429,,Saveh
1430,,Mahabad
1431,,Varamin
1432,,Andimeshk
1433,,Khorramshahr
1434,,Shahrud
1435,,Marv Dasht
1436,,Zabol
1437,,Shahr-e Kord
1438,,Bandar-e Anzali
1439,,Rafsanjan
1440,,Marand
1441,,Torbat-e Heydariyeh
1442,,Jahrom
1443,,Semnan
1444,,Miandoab
1445,,Qomsheh
1446,,Dublin
1447,,Cork
1448,,Reykjavík
1449,,Jerusalem
1450,,Tel Aviv-Jaffa
1451,,Haifa
1452,,Rishon Le Ziyyon
1453,,Beerseba
1454,,Holon
1455,,Petah Tiqwa
1456,,Ashdod
1457,,Netanya
1458,,Bat Yam
1459,,Bene Beraq
1460,,Ramat Gan
1461,,Ashqelon
1462,,Rehovot
1463,,Roma
1464,,Milano
1465,,Napoli
1466,,Torino
1467,,Palermo
1468,,Genova
1469,,Bologna
1470,,Firenze
1471,,Catania
1472,,Bari
1473,,Venezia
1474,,Messina
1475,,Verona
1476,,Trieste
1477,,Padova
1478,,Taranto
1479,,Brescia
1480,,Reggio di Calabria
1481,,Modena
1482,,Prato
1483,,Parma
1484,,Cagliari
1485,,Livorno
1486,,Perugia
1487,,Foggia
1488,,Reggio nell´ Emilia
1489,,Salerno
1490,,Ravenna
1491,,Ferrara
1492,,Rimini
1493,,Syrakusa
1494,,Sassari
1495,,Monza
1496,,Bergamo
1497,,Pescara
1498,,Latina
1499,,Vicenza
1500,,Terni
1501,,Forlì
1502,,Trento
1503,,Novara
1504,,Piacenza
1505,,Ancona
1506,,Lecce
1507,,Bolzano
1508,,Catanzaro
1509,,La Spezia
1510,,Udine
1511,,Torre del Greco
1512,,Andria
1513,,Brindisi
1514,,Giugliano in Campania
1515,,Pisa
1516,,Barletta
1517,,Arezzo
1518,,Alessandria
1519,,Cesena
1520,,Pesaro
1521,,Dili
1522,,Wien
1523,,Graz
1524,,Linz
1525,,Salzburg
1526,,Innsbruck
1527,,Klagenfurt
1528,,Spanish Town
1529,,Kingston
1530,,Portmore
1531,,Tokyo
1532,,Jokohama [Yokohama]
1533,,Osaka
1534,,Nagoya
1535,,Sapporo
1536,,Kioto
1537,,Kobe
1538,,Fukuoka
1539,,Kawasaki
1540,,Hiroshima
1541,,Kitakyushu
1542,,Sendai
1543,,Chiba
1544,,Sakai
1545,,Kumamoto
1546,,Okayama
1547,,Sagamihara
1548,,Hamamatsu
1549,,Kagoshima
1550,,Funabashi
1551,,Higashiosaka
1552,,Hachioji
1553,,Niigata
1554,,Amagasaki
1555,,Himeji
1556,,Shizuoka
1557,,Urawa
1558,,Matsuyama
1559,,Matsudo
1560,,Kanazawa
1561,,Kawaguchi
1562,,Ichikawa
1563,,Omiya
1564,,Utsunomiya
1565,,Oita
1566,,Nagasaki
1567,,Yokosuka
1568,,Kurashiki
1569,,Gifu
1570,,Hirakata
1571,,Nishinomiya
1572,,Toyonaka
1573,,Wakayama
1574,,Fukuyama
1575,,Fujisawa
1576,,Asahikawa
1577,,Machida
1578,,Nara
1579,,Takatsuki
1580,,Iwaki
1581,,Nagano
1582,,Toyohashi
1583,,Toyota
1584,,Suita
1585,,Takamatsu
1586,,Koriyama
1587,,Okazaki
1588,,Kawagoe
1589,,Tokorozawa
1590,,Toyama
1591,,Kochi
1592,,Kashiwa
1593,,Akita
1594,,Miyazaki
1595,,Koshigaya
1596,,Naha
1597,,Aomori
1598,,Hakodate
1599,,Akashi
1600,,Yokkaichi
1601,,Fukushima
1602,,Morioka
1603,,Maebashi
1604,,Kasugai
1605,,Otsu
1606,,Ichihara
1607,,Yao
1608,,Ichinomiya
1609,,Tokushima
1610,,Kakogawa
1611,,Ibaraki
1612,,Neyagawa
1613,,Shimonoseki
1614,,Yamagata
1615,,Fukui
1616,,Hiratsuka
1617,,Mito
1618,,Sasebo
1619,,Hachinohe
1620,,Takasaki
1621,,Shimizu
1622,,Kurume
1623,,Fuji
1624,,Soka
1625,,Fuchu
1626,,Chigasaki
1627,,Atsugi
1628,,Numazu
1629,,Ageo
1630,,Yamato
1631,,Matsumoto
1632,,Kure
1633,,Takarazuka
1634,,Kasukabe
1635,,Chofu
1636,,Odawara
1637,,Kofu
1638,,Kushiro
1639,,Kishiwada
1640,,Hitachi
1641,,Nagaoka
1642,,Itami
1643,,Uji
1644,,Suzuka
1645,,Hirosaki
1646,,Ube
1647,,Kodaira
1648,,Takaoka
1649,,Obihiro
1650,,Tomakomai
1651,,Saga
1652,,Sakura
1653,,Kamakura
1654,,Mitaka
1655,,Izumi
1656,,Hino
1657,,Hadano
1658,,Ashikaga
1659,,Tsu
1660,,Sayama
1661,,Yachiyo
1662,,Tsukuba
1663,,Tachikawa
1664,,Kumagaya
1665,,Moriguchi
1666,,Otaru
1667,,Anjo
1668,,Narashino
1669,,Oyama
1670,,Ogaki
1671,,Matsue
1672,,Kawanishi
1673,,Hitachinaka
1674,,Niiza
1675,,Nagareyama
1676,,Tottori
1677,,Tama
1678,,Iruma
1679,,Ota
1680,,Omuta
1681,,Komaki
1682,,Ome
1683,,Kadoma
1684,,Yamaguchi
1685,,Higashimurayama
1686,,Yonago
1687,,Matsubara
1688,,Musashino
1689,,Tsuchiura
1690,,Joetsu
1691,,Miyakonojo
1692,,Misato
1693,,Kakamigahara
1694,,Daito
1695,,Seto
1696,,Kariya
1697,,Urayasu
1698,,Beppu
1699,,Niihama
1700,,Minoo
1701,,Fujieda
1702,,Abiko
1703,,Nobeoka
1704,,Tondabayashi
1705,,Ueda
1706,,Kashihara
1707,,Matsusaka
1708,,Isesaki
1709,,Zama
1710,,Kisarazu
1711,,Noda
1712,,Ishinomaki
1713,,Fujinomiya
1714,,Kawachinagano
1715,,Imabari
1716,,Aizuwakamatsu
1717,,Higashihiroshima
1718,,Habikino
1719,,Ebetsu
1720,,Hofu
1721,,Kiryu
1722,,Okinawa
1723,,Yaizu
1724,,Toyokawa
1725,,Ebina
1726,,Asaka
1727,,Higashikurume
1728,,Ikoma
1729,,Kitami
1730,,Koganei
1731,,Iwatsuki
1732,,Mishima
1733,,Handa
1734,,Muroran
1735,,Komatsu
1736,,Yatsushiro
1737,,Iida
1738,,Tokuyama
1739,,Kokubunji
1740,,Akishima
1741,,Iwakuni
1742,,Kusatsu
1743,,Kuwana
1744,,Sanda
1745,,Hikone
1746,,Toda
1747,,Tajimi
1748,,Ikeda
1749,,Fukaya
1750,,Ise
1751,,Sakata
1752,,Kasuga
1753,,Kamagaya
1754,,Tsuruoka
1755,,Hoya
1756,,Nishio
1757,,Tokai
1758,,Inazawa
1759,,Sakado
1760,,Isehara
1761,,Takasago
1762,,Fujimi
1763,,Urasoe
1764,,Yonezawa
1765,,Konan
1766,,Yamatokoriyama
1767,,Maizuru
1768,,Onomichi
1769,,Higashimatsuyama
1770,,Kimitsu
1771,,Isahaya
1772,,Kanuma
1773,,Izumisano
1774,,Kameoka
1775,,Mobara
1776,,Narita
1777,,Kashiwazaki
1778,,Tsuyama
1779,,Sanaa
1780,,Aden
1781,,Taizz
1782,,Hodeida
1783,,al-Mukalla
1784,,Ibb
1785,,Amman
1786,,al-Zarqa
1787,,Irbid
1788,,al-Rusayfa
1789,,Wadi al-Sir
1790,,Flying Fish Cove
1791,Белград,Beograd
1792,,Novi Sad
1793,,Ni
1794,,Pritina
1795,,Kragujevac
1796,Подгорица,Podgorica
1797,,Subotica
1798,,Prizren
1799,,Phnom Penh
1800,,Battambang
1801,,Siem Reap
1802,,Douala
1803,,Yaoundé
1804,,Garoua
1805,,Maroua
1806,,Bamenda
1807,,Bafoussam
1808,,Nkongsamba
1809,,Montréal
1810,,Calgary
1811,,Toronto
1812,,North York
1813,,Winnipeg
1814,,Edmonton
1815,,Mississauga
1816,,Scarborough
1817,,Vancouver
1818,,Etobicoke
1819,,London
1820,,Hamilton
1821,,Ottawa
1822,,Laval
1823,,Surrey
1824,,Brampton
1825,,Windsor
1826,,Saskatoon
1827,,Kitchener
1828,,Markham
1829,,Regina
1830,,Burnaby
1831,,Québec
1832,,York
1833,,Richmond
1834,,Vaughan
1835,,Burlington
1836,,Oshawa
1837,,Oakville
1838,,Saint Catharines
1839,,Longueuil
1840,,Richmond Hill
1841,,Thunder Bay
1842,,Nepean
1843,,Cape Breton
1844,,East York
1845,,Halifax
1846,,Cambridge
1847,,Gloucester
1848,,Abbotsford
1849,,Guelph
1850,,Saint John´s
1851,,Coquitlam
1852,,Saanich
1853,,Gatineau
1854,,Delta
1855,,Sudbury
1856,,Kelowna
1857,,Barrie
1858,,Praia
1859,Алматы,Almaty
1860,,Qaraghandy
1861,,Shymkent
1862,,Taraz
1863,,Astana
1864,,Öskemen
1865,,Pavlodar
1866,,Semey
1867,,Aqtöbe
1868,,Qostanay
1869,,Petropavl
1870,,Oral
1871,,Temirtau
1872,,Qyzylorda
1873,,Aqtau
1874,,Atyrau
1875,,Ekibastuz
1876,,Kökshetau
1877,,Rudnyy
1878,,Taldyqorghan
1879,,Zhezqazghan
1880,,Nairobi
1881,,Mombasa
1882,,Kisumu
1883,,Nakuru
1884,,Machakos
1885,,Eldoret
1886,,Meru
1887,,Nyeri
1888,,Bangui
1889,,Shanghai
1890,,Peking
1891,,Chongqing
1892,,Tianjin
1893,,Wuhan
1894,,Harbin
1895,,Shenyang
1896,,Kanton [Guangzhou]
1897,,Chengdu
1898,,Nanking [Nanjing]
1899,,Changchun
1900,,Xi´an
1901,,Dalian
1902,,Qingdao
1903,,Jinan
1904,,Hangzhou
1905,,Zhengzhou
1906,,Shijiazhuang
1907,,Taiyuan
1908,,Kunming
1909,,Changsha
1910,,Nanchang
1911,,Fuzhou
1912,,Lanzhou
1913,,Guiyang
1914,,Ningbo
1915,,Hefei
1916,,Urumti [Ürümqi]
1917,,Anshan
1918,,Fushun
1919,,Nanning
1920,,Zibo
1921,,Qiqihar
1922,,Jilin
1923,,Tangshan
1924,,Baotou
1925,,Shenzhen
1926,,Hohhot
1927,,Handan
1928,,Wuxi
1929,,Xuzhou
1930,,Datong
1931,,Yichun
1932,,Benxi
1933,,Luoyang
1934,,Suzhou
1935,,Xining
1936,,Huainan
1937,,Jixi
1938,,Daqing
1939,,Fuxin
1940,,Amoy [Xiamen]
1941,,Liuzhou
1942,,Shantou
1943,,Jinzhou
1944,,Mudanjiang
1945,,Yinchuan
1946,,Changzhou
1947,,Zhangjiakou
1948,,Dandong
1949,,Hegang
1950,,Kaifeng
1951,,Jiamusi
1952,,Liaoyang
1953,,Hengyang
1954,,Baoding
1955,,Hunjiang
1956,,Xinxiang
1957,,Huangshi
1958,,Haikou
1959,,Yantai
1960,,Bengbu
1961,,Xiangtan
1962,,Weifang
1963,,Wuhu
1964,,Pingxiang
1965,,Yingkou
1966,,Anyang
1967,,Panzhihua
1968,,Pingdingshan
1969,,Xiangfan
1970,,Zhuzhou
1971,,Jiaozuo
1972,,Wenzhou
1973,,Zhangjiang
1974,,Zigong
1975,,Shuangyashan
1976,,Zaozhuang
1977,,Yakeshi
1978,,Yichang
1979,,Zhenjiang
1980,,Huaibei
1981,,Qinhuangdao
1982,,Guilin
1983,,Liupanshui
1984,,Panjin
1985,,Yangquan
1986,,Jinxi
1987,,Liaoyuan
1988,,Lianyungang
1989,,Xianyang
1990,,Tai´an
1991,,Chifeng
1992,,Shaoguan
1993,,Nantong
1994,,Leshan
1995,,Baoji
1996,,Linyi
1997,,Tonghua
1998,,Siping
1999,,Changzhi
2000,,Tengzhou
2001,,Chaozhou
2002,,Yangzhou
2003,,Dongwan
2004,,Ma´anshan
2005,,Foshan
2006,,Yueyang
2007,,Xingtai
2008,,Changde
2009,,Shihezi
2010,,Yancheng
2011,,Jiujiang
2012,,Dongying
2013,,Shashi
2014,,Xintai
2015,,Jingdezhen
2016,,Tongchuan
2017,,Zhongshan
2018,,Shiyan
2019,,Tieli
2020,,Jining
2021,,Wuhai
2022,,Mianyang
2023,,Luzhou
2024,,Zunyi
2025,,Shizuishan
2026,,Neijiang
2027,,Tongliao
2028,,Tieling
2029,,Wafangdian
2030,,Anqing
2031,,Shaoyang
2032,,Laiwu
2033,,Chengde
2034,,Tianshui
2035,,Nanyang
2036,,Cangzhou
2037,,Yibin
2038,,Huaiyin
2039,,Dunhua
2040,,Yanji
2041,,Jiangmen
2042,,Tongling
2043,,Suihua
2044,,Gongziling
2045,,Xiantao
2046,,Chaoyang
2047,,Ganzhou
2048,,Huzhou
2049,,Baicheng
2050,,Shangzi
2051,,Yangjiang
2052,,Qitaihe
2053,,Gejiu
2054,,Jiangyin
2055,,Hebi
2056,,Jiaxing
2057,,Wuzhou
2058,,Meihekou
2059,,Xuchang
2060,,Liaocheng
2061,,Haicheng
2062,,Qianjiang
2063,,Baiyin
2064,,Bei´an
2065,,Yixing
2066,,Laizhou
2067,,Qaramay
2068,,Acheng
2069,,Dezhou
2070,,Nanping
2071,,Zhaoqing
2072,,Beipiao
2073,,Fengcheng
2074,,Fuyu
2075,,Xinyang
2076,,Dongtai
2077,,Yuci
2078,,Honghu
2079,,Ezhou
2080,,Heze
2081,,Daxian
2082,,Linfen
2083,,Tianmen
2084,,Yiyang
2085,,Quanzhou
2086,,Rizhao
2087,,Deyang
2088,,Guangyuan
2089,,Changshu
2090,,Zhangzhou
2091,,Hailar
2092,,Nanchong
2093,,Jiutai
2094,,Zhaodong
2095,,Shaoxing
2096,,Fuyang
2097,,Maoming
2098,,Qujing
2099,,Ghulja
2100,,Jiaohe
2101,,Puyang
2102,,Huadian
2103,,Jiangyou
2104,,Qashqar
2105,,Anshun
2106,,Fuling
2107,,Xinyu
2108,,Hanzhong
2109,,Danyang
2110,,Chenzhou
2111,,Xiaogan
2112,,Shangqiu
2113,,Zhuhai
2114,,Qingyuan
2115,,Aqsu
2116,,Jining
2117,,Xiaoshan
2118,,Zaoyang
2119,,Xinghua
2120,,Hami
2121,,Huizhou
2122,,Jinmen
2123,,Sanming
2124,,Ulanhot
2125,,Korla
2126,,Wanxian
2127,,Rui´an
2128,,Zhoushan
2129,,Liangcheng
2130,,Jiaozhou
2131,,Taizhou
2132,,Suzhou
2133,,Yichun
2134,,Taonan
2135,,Pingdu
2136,,Ji´an
2137,,Longkou
2138,,Langfang
2139,,Zhoukou
2140,,Suining
2141,,Yulin
2142,,Jinhua
2143,,Liu´an
2144,,Shuangcheng
2145,,Suizhou
2146,,Ankang
2147,,Weinan
2148,,Longjing
2149,,Da´an
2150,,Lengshuijiang
2151,,Laiyang
2152,,Xianning
2153,,Dali
2154,,Anda
2155,,Jincheng
2156,,Longyan
2157,,Xichang
2158,,Wendeng
2159,,Hailun
2160,,Binzhou
2161,,Linhe
2162,,Wuwei
2163,,Duyun
2164,,Mishan
2165,,Shangrao
2166,,Changji
2167,,Meixian
2168,,Yushu
2169,,Tiefa
2170,,Huai´an
2171,,Leiyang
2172,,Zalantun
2173,,Weihai
2174,,Loudi
2175,,Qingzhou
2176,,Qidong
2177,,Huaihua
2178,,Luohe
2179,,Chuzhou
2180,,Kaiyuan
2181,,Linqing
2182,,Chaohu
2183,,Laohekou
2184,,Dujiangyan
2185,,Zhumadian
2186,,Linchuan
2187,,Jiaonan
2188,,Sanmenxia
2189,,Heyuan
2190,,Manzhouli
2191,,Lhasa
2192,,Lianyuan
2193,,Kuytun
2194,,Puqi
2195,,Hongjiang
2196,,Qinzhou
2197,,Renqiu
2198,,Yuyao
2199,,Guigang
2200,,Kaili
2201,,Yan´an
2202,,Beihai
2203,,Xuangzhou
2204,,Quzhou
2205,,Yong´an
2206,,Zixing
2207,,Liyang
2208,,Yizheng
2209,,Yumen
2210,,Liling
2211,,Yuncheng
2212,,Shanwei
2213,,Cixi
2214,,Yuanjiang
2215,,Bozhou
2216,,Jinchang
2217,,Fu´an
2218,,Suqian
2219,,Shishou
2220,,Hengshui
2221,,Danjiangkou
2222,,Fujin
2223,,Sanya
2224,,Guangshui
2225,,Huangshan
2226,,Xingcheng
2227,,Zhucheng
2228,,Kunshan
2229,,Haining
2230,,Pingliang
2231,,Fuqing
2232,,Xinzhou
2233,,Jieyang
2234,,Zhangjiagang
2235,,Tong Xian
2236,,Ya´an
2237,,Jinzhou
2238,,Emeishan
2239,,Enshi
2240,,Bose
2241,,Yuzhou
2242,,Kaiyuan
2243,,Tumen
2244,,Putian
2245,,Linhai
2246,,Xilin Hot
2247,,Shaowu
2248,,Junan
2249,,Huaying
2250,,Pingyi
2251,,Huangyan
2252,,Bishkek
2253,,Osh
2254,,Bikenibeu
2255,,Bairiki
2256,,Santafé de Bogotá
2257,,Cali
2258,,Medellín
2259,,Barranquilla
2260,,Cartagena
2261,,Cúcuta
2262,,Bucaramanga
2263,,Ibagué
2264,,Pereira
2265,,Santa Marta
2266,,Manizales
2267,,Bello
2268,,Pasto
2269,,Neiva
2270,,Soledad
2271,,Armenia
2272,,Villavicencio
2273,,Soacha
2274,,Valledupar
2275,,Montería
2276,,Itagüí
2277,,Palmira
2278,,Buenaventura
2279,,Floridablanca
2280,,Sincelejo
2281,,Popayán
2282,,Barrancabermeja
2283,,Dos Quebradas
2284,,Tuluá
2285,,Envigado
2286,,Cartago
2287,,Girardot
2288,,Buga
2289,,Tunja
2290,,Florencia
2291,,Maicao
2292,,Sogamoso
2293,,Giron
2294,,Moroni
2295,,Brazzaville
2296,,Pointe-Noire
2297,,Kinshasa
2298,,Lubumbashi
2299,,Mbuji-Mayi
2300,,Kolwezi
2301,,Kisangani
2302,,Kananga
2303,,Likasi
2304,,Bukavu
2305,,Kikwit
2306,,Tshikapa
2307,,Matadi
2308,,Mbandaka
2309,,Mwene-Ditu
2310,,Boma
2311,,Uvira
2312,,Butembo
2313,,Goma
2314,,Kalemie
2315,,Bantam
2316,,West Island
2317,,Pyongyang
2318,,Hamhung
2319,,Chongjin
2320,,Nampo
2321,,Sinuiju
2322,,Wonsan
2323,,Phyongsong
2324,,Sariwon
2325,,Haeju
2326,,Kanggye
2327,,Kimchaek
2328,,Hyesan
2329,,Kaesong
2330,,Seoul
2331,,Pusan
2332,,Inchon
2333,,Taegu
2334,,Taejon
2335,,Kwangju
2336,,Ulsan
2337,,Songnam
2338,,Puchon
2339,,Suwon
2340,,Anyang
2341,,Chonju
2342,,Chongju
2343,,Koyang
2344,,Ansan
2345,,Pohang
2346,,Chang-won
2347,,Masan
2348,,Kwangmyong
2349,,Chonan
2350,,Chinju
2351,,Iksan
2352,,Pyongtaek
2353,,Kumi
2354,,Uijongbu
2355,,Kyongju
2356,,Kunsan
2357,,Cheju
2358,,Kimhae
2359,,Sunchon
2360,,Mokpo
2361,,Yong-in
2362,,Wonju
2363,,Kunpo
2364,,Chunchon
2365,,Namyangju
2366,,Kangnung
2367,,Chungju
2368,,Andong
2369,,Yosu
2370,,Kyongsan
2371,,Paju
2372,,Yangsan
2373,,Ichon
2374,,Asan
2375,,Koje
2376,,Kimchon
2377,,Nonsan
2378,,Kuri
2379,,Chong-up
2380,,Chechon
2381,,Sosan
2382,,Shihung
2383,,Tong-yong
2384,,Kongju
2385,,Yongju
2386,,Chinhae
2387,,Sangju
2388,,Poryong
2389,,Kwang-yang
2390,,Miryang
2391,,Hanam
2392,,Kimje
2393,,Yongchon
2394,,Sachon
2395,,Uiwang
2396,,Naju
2397,,Namwon
2398,,Tonghae
2399,,Mun-gyong
2400,,Athenai
2401,,Thessaloniki
2402,,Pireus
2403,,Patras
2404,,Peristerion
2405,,Herakleion
2406,,Kallithea
2407,,Larisa
2408,,Zagreb
2409,,Split
2410,,Rijeka
2411,,Osijek
2412,,La Habana
2413,,Santiago de Cuba
2414,,Camagüey
2415,,Holguín
2416,,Santa Clara
2417,,Guantánamo
2418,,Pinar del Río
2419,,Bayamo
2420,,Cienfuegos
2421,,Victoria de las Tunas
2422,,Matanzas
2423,,Manzanillo
2424,,Sancti-Spíritus
2425,,Ciego de Ávila
2426,,al-Salimiya
2427,,Jalib al-Shuyukh
2428,,Kuwait
2429,,Nicosia
2430,,Limassol
2431,,Vientiane
2432,,Savannakhet
2433,,Riga
2434,,Daugavpils
2435,,Liepaja
2436,,Maseru
2437,,Beirut
2438,,Tripoli
2439,,Monrovia
2440,,Tripoli
2441,,Bengasi
2442,,Misrata
2443,,al-Zawiya
2444,,Schaan
2445,,Vaduz
2446,,Vilnius
2447,Каунас,Kaunas
2448,,Klaipeda
2449,,iauliai
2450,,Panevezys
2451,,Luxembourg [Luxemburg/Lëtzebuerg]
2452,,El-Aaiún
2453,,Macao
2454,,Antananarivo
2455,,Toamasina
2456,,Antsirabé
2457,,Mahajanga
2458,,Fianarantsoa
2459,,Skopje
2460,,Blantyre
2461,,Lilongwe
2462,,Male
2463,,Kuala Lumpur
2464,,Ipoh
2465,,Johor Baharu
2466,,Petaling Jaya
2467,,Kelang
2468,,Kuala Terengganu
2469,,Pinang
2470,,Kota Bharu
2471,,Kuantan
2472,,Taiping
2473,,Seremban
2474,,Kuching
2475,,Sibu
2476,,Sandakan
2477,,Alor Setar
2478,,Selayang Baru
2479,,Sungai Petani
2480,,Shah Alam
2481,,Bamako
2482,,Birkirkara
2483,,Valletta
2484,,Casablanca
2485,,Rabat
2486,,Marrakech
2487,,Fès
2488,,Tanger
2489,,Salé
2490,,Meknès
2491,,Oujda
2492,,Kénitra
2493,,Tétouan
2494,,Safi
2495,,Agadir
2496,,Mohammedia
2497,,Khouribga
2498,,Beni-Mellal
2499,,Témara
2500,,El Jadida
2501,,Nador
2502,,Ksar el Kebir
2503,,Settat
2504,,Taza
2505,,El Araich
2506,,Dalap-Uliga-Darrit
2507,,Fort-de-France
2508,,Nouakchott
2509,,Nouâdhibou
2510,,Port-Louis
2511,,Beau Bassin-Rose Hill
2512,,Vacoas-Phoenix
2513,,Mamoutzou
2514,,Ciudad de México
2515,,Guadalajara
2516,,Ecatepec de Morelos
2517,,Puebla
2518,,Nezahualcóyotl
2519,,Juárez
2520,,Tijuana
2521,,León
2522,,Monterrey
2523,,Zapopan
2524,,Naucalpan de Juárez
2525,,Mexicali
2526,,Culiacán
2527,,Acapulco de Juárez
2528,,Tlalnepantla de Baz
2529,,Mérida
2530,,Chihuahua
2531,,San Luis Potosí
2532,,Guadalupe
2533,,Toluca
2534,,Aguascalientes
2535,,Querétaro
2536,,Morelia
2537,,Hermosillo
2538,,Saltillo
2539,,Torreón
2540,,Centro (Villahermosa)
2541,,San Nicolás de los Garza
2542,,Durango
2543,,Chimalhuacán
2544,,Tlaquepaque
2545,,Atizapán de Zaragoza
2546,,Veracruz
2547,,Cuautitlán Izcalli
2548,,Irapuato
2549,,Tuxtla Gutiérrez
2550,,Tultitlán
2551,,Reynosa
2552,,Benito Juárez
2553,,Matamoros
2554,,Xalapa
2555,,Celaya
2556,,Mazatlán
2557,,Ensenada
2558,,Ahome
2559,,Cajeme
2560,,Cuernavaca
2561,,Tonalá
2562,,Valle de Chalco Solidaridad
2563,,Nuevo Laredo
2564,,Tepic
2565,,Tampico
2566,,Ixtapaluca
2567,,Apodaca
2568,,Guasave
2569,,Gómez Palacio
2570,,Tapachula
2571,,Nicolás Romero
2572,,Coatzacoalcos
2573,,Uruapan
2574,,Victoria
2575,,Oaxaca de Juárez
2576,,Coacalco de Berriozábal
2577,,Pachuca de Soto
2578,,General Escobedo
2579,,Salamanca
2580,,Santa Catarina
2581,,Tehuacán
2582,,Chalco
2583,,Cárdenas
2584,,Campeche
2585,,La Paz
2586,,Othón P. Blanco (Chetumal)
2587,,Texcoco
2588,,La Paz
2589,,Metepec
2590,,Monclova
2591,,Huixquilucan
2592,,Chilpancingo de los Bravo
2593,,Puerto Vallarta
2594,,Fresnillo
2595,,Ciudad Madero
2596,,Soledad de Graciano Sánchez
2597,,San Juan del Río
2598,,San Felipe del Progreso
2599,,Córdoba
2600,,Tecámac
2601,,Ocosingo
2602,,Carmen
2603,,Lázaro Cárdenas
2604,,Jiutepec
2605,,Papantla
2606,,Comalcalco
2607,,Zamora
2608,,Nogales
2609,,Huimanguillo
2610,,Cuautla
2611,,Minatitlán
2612,,Poza Rica de Hidalgo
2613,,Ciudad Valles
2614,,Navolato
2615,,San Luis Río Colorado
2616,,Pénjamo
2617,,San Andrés Tuxtla
2618,,Guanajuato
2619,,Navojoa
2620,,Zitácuaro
2621,,Boca del Río
2622,,Allende
2623,,Silao
2624,,Macuspana
2625,,San Juan Bautista Tuxtepec
2626,,San Cristóbal de las Casas
2627,,Valle de Santiago
2628,,Guaymas
2629,,Colima
2630,,Dolores Hidalgo
2631,,Lagos de Moreno
2632,,Piedras Negras
2633,,Altamira
2634,,Túxpam
2635,,San Pedro Garza García
2636,,Cuauhtémoc
2637,,Manzanillo
2638,,Iguala de la Independencia
2639,,Zacatecas
2640,,Tlajomulco de Zúñiga
2641,,Tulancingo de Bravo
2642,,Zinacantepec
2643,,San Martín Texmelucan
2644,,Tepatitlán de Morelos
2645,,Martínez de la Torre
2646,,Orizaba
2647,,Apatzingán
2648,,Atlixco
2649,,Delicias
2650,,Ixtlahuaca
2651,,El Mante
2652,,Lerdo
2653,,Almoloya de Juárez
2654,,Acámbaro
2655,,Acuña
2656,,Guadalupe
2657,,Huejutla de Reyes
2658,,Hidalgo
2659,,Los Cabos
2660,,Comitán de Domínguez
2661,,Cunduacán
2662,,Río Bravo
2663,,Temapache
2664,,Chilapa de Alvarez
2665,,Hidalgo del Parral
2666,,San Francisco del Rincón
2667,,Taxco de Alarcón
2668,,Zumpango
2669,,San Pedro Cholula
2670,,Lerma
2671,,Tecomán
2672,,Las Margaritas
2673,,Cosoleacaque
2674,,San Luis de la Paz
2675,,José Azueta
2676,,Santiago Ixcuintla
2677,,San Felipe
2678,,Tejupilco
2679,,Tantoyuca
2680,,Salvatierra
2681,,Tultepec
2682,,Temixco
2683,,Matamoros
2684,,Pánuco
2685,,El Fuerte
2686,,Tierra Blanca
2687,,Weno
2688,,Palikir
2689,,Chisinau
2690,,Tiraspol
2691,,Balti
2692,,Bender (Tîghina)
2693,,Monte-Carlo
2694,,Monaco-Ville
2695,,Ulan Bator
2696,,Plymouth
2697,,Maputo
2698,,Matola
2699,,Beira
2700,,Nampula
2701,,Chimoio
2702,,Naçala-Porto
2703,,Quelimane
2704,,Mocuba
2705,,Tete
2706,,Xai-Xai
2707,,Gurue
2708,,Maxixe
2709,,Rangoon (Yangon)
2710,,Mandalay
2711,,Moulmein (Mawlamyine)
2712,,Pegu (Bago)
2713,,Bassein (Pathein)
2714,,Monywa
2715,,Sittwe (Akyab)
2716,,Taunggyi (Taunggye)
2717,,Meikhtila
2718,,Mergui (Myeik)
2719,,Lashio (Lasho)
2720,,Prome (Pyay)
2721,,Henzada (Hinthada)
2722,,Myingyan
2723,,Tavoy (Dawei)
2724,,Pagakku (Pakokku)
2725,,Windhoek
2726,,Yangor
2727,,Yaren
2728,,Kathmandu
2729,,Biratnagar
2730,,Pokhara
2731,,Lalitapur
2732,,Birgunj
2733,,Managua
2734,,León
2735,,Chinandega
2736,,Masaya
2737,,Niamey
2738,,Zinder
2739,,Maradi
2740,,Lagos
2741,,Ibadan
2742,,Ogbomosho
2743,,Kano
2744,,Oshogbo
2745,,Ilorin
2746,,Abeokuta
2747,,Port Harcourt
2748,,Zaria
2749,,Ilesha
2750,,Onitsha
2751,,Iwo
2752,,Ado-Ekiti
2753,,Abuja
2754,,Kaduna
2755,,Mushin
2756,,Maiduguri
2757,,Enugu
2758,,Ede
2759,,Aba
2760,,Ife
2761,,Ila
2762,,Oyo
2763,,Ikerre
2764,,Benin City
2765,,Iseyin
2766,,Katsina
2767,,Jos
2768,,Sokoto
2769,,Ilobu
2770,,Offa
2771,,Ikorodu
2772,,Ilawe-Ekiti
2773,,Owo
2774,,Ikirun
2775,,Shaki
2776,,Calabar
2777,,Ondo
2778,,Akure
2779,,Gusau
2780,,Ijebu-Ode
2781,,Effon-Alaiye
2782,,Kumo
2783,,Shomolu
2784,,Oka-Akoko
2785,,Ikare
2786,,Sapele
2787,,Deba Habe
2788,,Minna
2789,,Warri
2790,,Bida
2791,,Ikire
2792,,Makurdi
2793,,Lafia
2794,,Inisa
2795,,Shagamu
2796,,Awka
2797,,Gombe
2798,,Igboho
2799,,Ejigbo
2800,,Agege
2801,,Ise-Ekiti
2802,,Ugep
2803,,Epe
2804,,Alofi
2805,,Kingston
2806,,Oslo
2807,,Bergen
2808,,Trondheim
2809,,Stavanger
2810,,Bærum
2811,,Abidjan
2812,,Bouaké
2813,,Yamoussoukro
2814,,Daloa
2815,,Korhogo
2816,,al-Sib
2817,,Salala
2818,,Bawshar
2819,,Suhar
2820,,Masqat
2821,,Karachi
2822,,Lahore
2823,,Faisalabad
2824,,Rawalpindi
2825,,Multan
2826,,Hyderabad
2827,,Gujranwala
2828,,Peshawar
2829,,Quetta
2830,,Islamabad
2831,,Sargodha
2832,,Sialkot
2833,,Bahawalpur
2834,,Sukkur
2835,,Jhang
2836,,Sheikhupura
2837,,Larkana
2838,,Gujrat
2839,,Mardan
2840,,Kasur
2841,,Rahim Yar Khan
2842,,Sahiwal
2843,,Okara
2844,,Wah
2845,,Dera Ghazi Khan
2846,,Mirpur Khas
2847,,Nawabshah
2848,,Mingora
2849,,Chiniot
2850,,Kamoke
2851,,Mandi Burewala
2852,,Jhelum
2853,,Sadiqabad
2854,,Jacobabad
2855,,Shikarpur
2856,,Khanewal
2857,,Hafizabad
2858,,Kohat
2859,,Muzaffargarh
2860,,Khanpur
2861,,Gojra
2862,,Bahawalnagar
2863,,Muridke
2864,,Pak Pattan
2865,,Abottabad
2866,,Tando Adam
2867,,Jaranwala
2868,,Khairpur
2869,,Chishtian Mandi
2870,,Daska
2871,,Dadu
2872,,Mandi Bahauddin
2873,,Ahmadpur East
2874,,Kamalia
2875,,Khuzdar
2876,,Vihari
2877,,Dera Ismail Khan
2878,,Wazirabad
2879,,Nowshera
2880,,Koror
2881,,Ciudad de Panamá
2882,,San Miguelito
2883,,Port Moresby
2884,,Asunción
2885,,Ciudad del Este
2886,,San Lorenzo
2887,,Lambaré
2888,,Fernando de la Mora
2889,,Lima
2890,,Arequipa
2891,,Trujillo
2892,,Chiclayo
2893,,Callao
2894,,Iquitos
2895,,Chimbote
2896,,Huancayo
2897,,Piura
2898,,Cusco
2899,,Pucallpa
2900,,Tacna
2901,,Ica
2902,,Sullana
2903,,Juliaca
2904,,Huánuco
2905,,Ayacucho
2906,,Chincha Alta
2907,,Cajamarca
2908,,Puno
2909,,Ventanilla
2910,,Castilla
2911,,Adamstown
2912,,Garapan
2913,,Lisboa
2914,,Porto
2915,,Amadora
2916,,Coímbra
2917,,Braga
2918,,San Juan
2919,,Bayamón
2920,,Ponce
2921,,Carolina
2922,,Caguas
2923,,Arecibo
2924,,Guaynabo
2925,,Mayagüez
2926,,Toa Baja
2927,,Warszawa
2928,,Lódz
2929,Краков,Kraków
2930,,Wroclaw
2931,,Poznan
2932,,Gdansk
2933,,Szczecin
2934,,Bydgoszcz
2935,,Lublin
2936,,Katowice
2937,,Bialystok
2938,,Czestochowa
2939,,Gdynia
2940,,Sosnowiec
2941,,Radom
2942,,Kielce
2943,,Gliwice
2944,,Torun
2945,,Bytom
2946,,Zabrze
2947,,Bielsko-Biala
2948,,Olsztyn
2949,,Rzeszów
2950,,Ruda Slaska
2951,,Rybnik
2952,,Walbrzych
2953,,Tychy
2954,,Dabrowa Górnicza
2955,,Plock
2956,,Elblag
2957,,Opole
2958,,Gorzów Wielkopolski
2959,,Wloclawek
2960,,Chorzów
2961,,Tarnów
2962,,Zielona Góra
2963,,Koszalin
2964,,Legnica
2965,,Kalisz
2966,,Grudziadz
2967,,Slupsk
2968,,Jastrzebie-Zdrój
2969,,Jaworzno
2970,,Jelenia Góra
2971,,Malabo
2972,,Doha
2973,Париж,Paris
2974,,Marseille
2975,,Lyon
2976,,Toulouse
2977,,Nice
2978,,Nantes
2979,,Strasbourg
2980,,Montpellier
2981,,Bordeaux
2982,,Rennes
2983,,Le Havre
2984,,Reims
2985,,Lille
2986,,St-Étienne
2987,,Toulon
2988,,Grenoble
2989,,Angers
2990,,Dijon
2991,,Brest
2992,,Le Mans
2993,,Clermont-Ferrand
2994,,Amiens
2995,,Aix-en-Provence
2996,,Limoges
2997,,Nîmes
2998,,Tours
2999,,Villeurbanne
3000,,Metz
3001,,Besançon
3002,,Caen
3003,,Orléans
3004,,Mulhouse
3005,,Rouen
3006,,Boulogne-Billancourt
3007,,Perpignan
3008,,Nancy
3009,,Roubaix
3010,,Argenteuil
3011,,Tourcoing
3012,,Montreuil
3013,,Cayenne
3014,,Faaa
3015,,Papeete
3016,,Saint-Denis
3017,,Bucuresti
3018,,Iasi
3019,,Constanta
3020,,Cluj-Napoca
3021,,Galati
3022,,Timisoara
3023,,Brasov
3024,,Craiova
3025,,Ploiesti
3026,,Braila
3027,,Oradea
3028,,Bacau
3029,,Pitesti
3030,,Arad
3031,,Sibiu
3032,,Târgu Mures
3033,,Baia Mare
3034,,Buzau
3035,,Satu Mare
3036,,Botosani
3037,,Piatra Neamt
3038,,Râmnicu Vâlcea
3039,,Suceava
3040,,Drobeta-Turnu Severin
3041,,Târgoviste
3042,,Focsani
3043,,Târgu Jiu
3044,,Tulcea
3045,,Resita
3046,,Kigali
3047,,Stockholm
3048,,Gothenburg [Göteborg]
3049,,Malmö
3050,,Uppsala
3051,,Linköping
3052,,Västerås
3053,,Örebro
3054,,Norrköping
3055,,Helsingborg
3056,,Jönköping
3057,,Umeå
3058,,Lund
3059,,Borås
3060,,Sundsvall
3061,,Gävle
3062,,Jamestown
3063,,Basseterre
3064,,Castries
3065,,Kingstown
3066,,Saint-Pierre
3067,,Berlin
3068,,Hamburg
3069,,Munich [München]
3070,,Köln
3071,,Frankfurt am Main
3072,,Essen
3073,,Dortmund
3074,,Stuttgart
3075,,Düsseldorf
3076,,Bremen
3077,,Duisburg
3078,,Hannover
3079,,Leipzig
3080,,Nürnberg
3081,,Dresden
3082,,Bochum
3083,,Wuppertal
3084,,Bielefeld
3085,,Mannheim
3086,,Bonn
3087,,Gelsenkirchen
3088,,Karlsruhe
3089,,Wiesbaden
3090,,Münster
3091,,Mönchengladbach
3092,,Chemnitz
3093,,Augsburg
3094,,Halle/Saale
3095,,Braunschweig
3096,,Aachen
3097,,Krefeld
3098,,Magdeburg
3099,,Kiel
3100,,Oberhausen
3101,,Lübeck
3102,,Hagen
3103,,Rostock
3104,,Freiburg im Breisgau
3105,,Erfurt
3106,,Kassel
3107,,Saarbrücken
3108,,Mainz
3109,,Hamm
3110,,Herne
3111,,Mülheim an der Ruhr
3112,,Solingen
3113,,Osnabrück
3114,,Ludwigshafen am Rhein
3115,,Leverkusen
3116,,Oldenburg
3117,,Neuss
3118,,Heidelberg
3119,,Darmstadt
3120,,Paderborn
3121,,Potsdam
3122,,Würzburg
3123,,Regensburg
3124,,Recklinghausen
3125,,Göttingen
3126,,Bremerhaven
3127,,Wolfsburg
3128,,Bottrop
3129,,Remscheid
3130,,Heilbronn
3131,,Pforzheim
3132,,Offenbach am Main
3133,,Ulm
3134,,Ingolstadt
3135,,Gera
3136,,Salzgitter
3137,,Cottbus
3138,,Reutlingen
3139,,Fürth
3140,,Siegen
3141,,Koblenz
3142,,Moers
3143,,Bergisch Gladbach
3144,,Zwickau
3145,,Hildesheim
3146,,Witten
3147,,Schwerin
3148,,Erlangen
3149,,Kaiserslautern
3150,,Trier
3151,,Jena
3152,,Iserlohn
3153,,Gütersloh
3154,,Marl
3155,,Lünen
3156,,Düren
3157,,Ratingen
3158,,Velbert
3159,,Esslingen am Neckar
3160,,Honiara
3161,,Lusaka
3162,,Ndola
3163,,Kitwe
3164,,Kabwe
3165,,Chingola
3166,,Mufulira
3167,,Luanshya
3168,,Apia
3169,,Serravalle
3170,,San Marino
3171,,São Tomé
3172,,Riyadh
3173,,Jedda
3174,,Mekka
3175,,Medina
3176,,al-Dammam
3177,,al-Taif
3178,,Tabuk
3179,,Burayda
3180,,al-Hufuf
3181,,al-Mubarraz
3182,,Khamis Mushayt
3183,,Hail
3184,,al-Kharj
3185,,al-Khubar
3186,,Jubayl
3187,,Hafar al-Batin
3188,,al-Tuqba
3189,,Yanbu
3190,,Abha
3191,,Ara´ar
3192,,al-Qatif
3193,,al-Hawiya
3194,,Unayza
3195,,Najran
3196,,Pikine
3197,,Dakar
3198,,Thiès
3199,,Kaolack
3200,,Ziguinchor
3201,,Rufisque
3202,,Saint-Louis
3203,,Mbour
3204,,Diourbel
3205,,Victoria
3206,,Freetown
3207,,Singapore
3208,,Bratislava
3209,,Koice
3210,,Preov
3211,,Ljubljana
3212,,Maribor
3213,,Mogadishu
3214,,Hargeysa
3215,,Kismaayo
3216,,Colombo
3217,,Dehiwala
3218,,Moratuwa
3219,,Jaffna
3220,,Kandy
3221,,Sri Jayawardenepura Kotte
3222,,Negombo
3223,,Omdurman
3224,,Khartum
3225,,Sharq al-Nil
3226,,Port Sudan
3227,,Kassala
3228,,Obeid
3229,,Nyala
3230,,Wad Madani
3231,,al-Qadarif
3232,,Kusti
3233,,al-Fashir
3234,,Juba
3235,Хельсинки,Helsinki [Helsingfors]
3236,,Espoo
3237,,Tampere
3238,,Vantaa
3239,,Turku [Åbo]
3240,,Oulu
3241,,Lahti
3242,,Paramaribo
3243,,Mbabane
3244,,Zürich
3245,,Geneve
3246,,Basel
3247,,Bern
3248,,Lausanne
3249,,Damascus
3250,,Aleppo
3251,,Hims
3252,,Hama
3253,,Latakia
3254,,al-Qamishliya
3255,,Dayr al-Zawr
3256,,Jaramana
3257,,Duma
3258,,al-Raqqa
3259,,Idlib
3260,,Dushanbe
3261,,Khujand
3262,,Taipei
3263,,Kaohsiung
3264,,Taichung
3265,,Tainan
3266,,Panchiao
3267,,Chungho
3268,,Keelung (Chilung)
3269,,Sanchung
3270,,Hsinchuang
3271,,Hsinchu
3272,,Chungli
3273,,Fengshan
3274,,Taoyuan
3275,,Chiayi
3276,,Hsintien
3277,,Changhwa
3278,,Yungho
3279,,Tucheng
3280,,Pingtung
3281,,Yungkang
3282,,Pingchen
3283,,Tali
3284,,Taiping
3285,,Pate
3286,,Fengyuan
3287,,Luchou
3288,,Hsichuh
3289,,Shulin
3290,,Yuanlin
3291,,Yangmei
3292,,Taliao
3293,,Kueishan
3294,,Tanshui
3295,,Taitung
3296,,Hualien
3297,,Nantou
3298,,Lungtan
3299,,Touliu
3300,,Tsaotun
3301,,Kangshan
3302,,Ilan
3303,,Miaoli
3304,,Dar es Salaam
3305,,Dodoma
3306,,Mwanza
3307,,Zanzibar
3308,,Tanga
3309,,Mbeya
3310,,Morogoro
3311,,Arusha
3312,,Moshi
3313,,Tabora
3314,,København
3315,,Århus
3316,,Odense
3317,,Aalborg
3318,,Frederiksberg
3319,,Bangkok
3320,,Nonthaburi
3321,,Nakhon Ratchasima
3322,,Chiang Mai
3323,,Udon Thani
3324,,Hat Yai
3325,,Khon Kaen
3326,,Pak Kret
3327,,Nakhon Sawan
3328,,Ubon Ratchathani
3329,,Songkhla
3330,,Nakhon Pathom
3331,,Lomé
3332,,Fakaofo
3333,,Nuku´alofa
3334,,Chaguanas
3335,,Port-of-Spain
3336,,N´Djaména
3337,,Moundou
3338,,Praha
3339,,Brno
3340,,Ostrava
3341,,Plzen
3342,,Olomouc
3343,,Liberec
3344,,Ceské Budejovice
3345,,Hradec Králové
3346,,Ústí nad Labem
3347,,Pardubice
3348,,Tunis
3349,,Sfax
3350,,Ariana
3351,,Ettadhamen
3352,,Sousse
3353,,Kairouan
3354,,Biserta
3355,,Gabès
3356,,Istanbul
3357,,Ankara
3358,,Izmir
3359,,Adana
3360,,Bursa
3361,,Gaziantep
3362,,Konya
3363,,Mersin (Içel)
3364,Анталья,Antalya
3365,,Diyarbakir
3366,,Kayseri
3367,,Eskisehir
3368,,Sanliurfa
3369,,Samsun
3370,,Malatya
3371,,Gebze
3372,,Denizli
3373,,Sivas
3374,,Erzurum
3375,,Tarsus
3376,,Kahramanmaras
3377,,Elâzig
3378,,Van
3379,,Sultanbeyli
3380,,Izmit (Kocaeli)
3381,,Manisa
3382,,Batman
3383,,Balikesir
3384,,Sakarya (Adapazari)
3385,,Iskenderun
3386,,Osmaniye
3387,,Çorum
3388,,Kütahya
3389,,Hatay (Antakya)
3390,,Kirikkale
3391,,Adiyaman
3392,,Trabzon
3393,,Ordu
3394,,Aydin
3395,,Usak
3396,,Edirne
3397,,Çorlu
3398,,Isparta
3399,,Karabük
3400,,Kilis
3401,,Alanya
3402,,Kiziltepe
3403,,Zonguldak
3404,,Siirt
3405,,Viransehir
3406,,Tekirdag
3407,,Karaman
3408,,Afyon
3409,,Aksaray
3410,,Ceyhan
3411,,Erzincan
3412,,Bismil
3413,,Nazilli
3414,,Tokat
3415,,Kars
3416,,Inegöl
3417,,Bandirma
3418,,Ashgabat
3419,,Chärjew
3420,,Dashhowuz
3421,,Mary
3422,,Cockburn Town
3423,,Funafuti
3424,,Kampala
3425,,Kyiv
3426,,Harkova [Harkiv]
3427,,Dnipropetrovsk
3428,,Donetsk
3429,,Odesa
3430,,Zaporizzja
3431,,Lviv
3432,,Kryvyi Rig
3433,,Mykolajiv
3434,,Mariupol
3435,,Lugansk
3436,,Vinnytsja
3437,,Makijivka
3438,,Herson
3439,,Sevastopol
3440,,Simferopol
3441,,Pultava [Poltava]
3442,,Ternigiv
3443,,Terkasy
3444,,Gorlivka
3445,,Zytomyr
3446,,Sumy
3447,,Dniprodzerzynsk
3448,,Kirovograd
3449,,Hmelnytskyi
3450,,Ternivtsi
3451,,Rivne
3452,,Krementuk
3453,,Ivano-Frankivsk
3454,,Ternopil
3455,,Lutsk
3456,,Bila Tserkva
3457,,Kramatorsk
3458,,Melitopol
3459,,Kert
3460,,Nikopol
3461,,Berdjansk
3462,,Pavlograd
3463,,Sjeverodonetsk
3464,,Slovjansk
3465,,Uzgorod
3466,,Altevsk
3467,,Lysytansk
3468,,Jevpatorija
3469,,Kamjanets-Podilskyi
3470,,Jenakijeve
3471,,Krasnyi Lut
3472,,Stahanov
3473,,Oleksandrija
3474,,Konotop
3475,,Kostjantynivka
3476,,Berdytiv
3477,,Izmajil
3478,,ostka
3479,,Uman
3480,,Brovary
3481,,Mukateve
3482,,Budapest
3483,,Debrecen
3484,,Miskolc
3485,,Szeged
3486,,Pécs
3487,,Györ
3488,,Nyiregyháza
3489,,Kecskemét
3490,,Székesfehérvár
3491,,Montevideo
3492,,Nouméa
3493,,Auckland
3494,,Christchurch
3495,,Manukau
3496,,North Shore
3497,,Waitakere
3498,,Wellington
3499,,Dunedin
3500,,Hamilton
3501,,Lower Hutt
3502,,Toskent
3503,,Namangan
3504,,Samarkand
3505,,Andijon
3506,,Buhoro
3507,,Karsi
3508,,Nukus
3509,,Kükon
3510,,Fargona
3511,,Circik
3512,,Margilon
3513,,Ürgenc
3514,,Angren
3515,,Cizah
3516,,Navoi
3517,,Olmalik
3518,,Termiz
3519,Минск,Minsk
3520,,Gomel
3521,,Mogiljov
3522,,Vitebsk
3523,Гродно,Grodno
3524,Брест,Brest
3525,,Bobruisk
3526,,Baranoviti
3527,,Borisov
3528,,Pinsk
3529,,Ora
3530,,Mozyr
3531,,Novopolotsk
3532,,Lida
3533,,Soligorsk
3534,,Molodetno
3535,,Mata-Utu
3536,,Port-Vila
3537,,Città del Vaticano
3538,,Caracas
3539,,Maracaíbo
3540,,Barquisimeto
3541,,Valencia
3542,,Ciudad Guayana
3543,,Petare
3544,,Maracay
3545,,Barcelona
3546,,Maturín
3547,,San Cristóbal
3548,,Ciudad Bolívar
3549,,Cumaná
3550,,Mérida
3551,,Cabimas
3552,,Barinas
3553,,Turmero
3554,,Baruta
3555,,Puerto Cabello
3556,,Santa Ana de Coro
3557,,Los Teques
3558,,Punto Fijo
3559,,Guarenas
3560,,Acarigua
3561,,Puerto La Cruz
3562,,Ciudad Losada
3563,,Guacara
3564,,Valera
3565,,Guanare
3566,,Carúpano
3567,,Catia La Mar
3568,,El Tigre
3569,,Guatire
3570,,Calabozo
3571,,Pozuelos
3572,,Ciudad Ojeda
3573,,Ocumare del Tuy
3574,,Valle de la Pascua
3575,,Araure
3576,,San Fernando de Apure
3577,,San Felipe
3578,,El Limón
3579,Москва,Moscow
3580,Санкт- Петербург,St Petersburg
3581,,Novosibirsk
3582,,Nizni Novgorod
3583,,Jekaterinburg
3584,Самара,Samara
3585,,Omsk
3586,,Kazan
3587,,Ufa
3588,,Teljabinsk
3589,Ростов-на-дону,Rostov-na-Donu
3590,,Perm
3591,,Volgograd
3592,,Voronez
3593,,Krasnojarsk
3594,,Saratov
3595,,Toljatti
3596,,Uljanovsk
3597,,Izevsk
3598,,Krasnodar
3599,,Jaroslavl
3600,,Habarovsk
3601,,Vladivostok
3602,,Irkutsk
3603,,Barnaul
3604,,Novokuznetsk
3605,,Penza
3606,,Rjazan
3607,,Orenburg
3608,,Lipetsk
3609,,Nabereznyje Telny
3610,,Tula
3611,,Tjumen
3612,,Kemerovo
3613,,Astrahan
3614,,Tomsk
3615,,Kirov
3616,,Ivanovo
3617,,Teboksary
3618,,Brjansk
3619,,Tver
3620,,Kursk
3621,,Magnitogorsk
3622,,Kaliningrad
3623,,Nizni Tagil
3624,,Murmansk
3625,,Ulan-Ude
3626,,Kurgan
3627,,Arkangeli
3628,,Soti
3629,,Smolensk
3630,,Orjol
3631,,Stavropol
3632,,Belgorod
3633,,Kaluga
3634,,Vladimir
3635,,Mahatkala
3636,,Terepovets
3637,,Saransk
3638,,Tambov
3639,,Vladikavkaz
3640,,Tita
3641,,Vologda
3642,Великий Новгород,Veliki Novgorod
3643,,Komsomolsk-na-Amure
3644,,Kostroma
3645,,Volzski
3646,,Taganrog
3647,,Petroskoi
3648,,Bratsk
3649,,Dzerzinsk
3650,,Surgut
3651,,Orsk
3652,,Sterlitamak
3653,,Angarsk
3654,,Jokar-Ola
3655,,Rybinsk
3656,,Prokopjevsk
3657,,Niznevartovsk
3658,,Naltik
3659,,Syktyvkar
3660,,Severodvinsk
3661,,Bijsk
3662,,Niznekamsk
3663,,Blagovetensk
3664,,ahty
3665,,Staryi Oskol
3666,,Zelenograd
3667,,Balakovo
3668,,Novorossijsk
3669,,Pihkova
3670,,Zlatoust
3671,,Jakutsk
3672,,Podolsk
3673,,Petropavlovsk-Kamtatski
3674,,Kamensk-Uralski
3675,,Engels
3676,,Syzran
3677,,Grozny
3678,,Novoterkassk
3679,,Berezniki
3680,,Juzno-Sahalinsk
3681,,Volgodonsk
3682,,Abakan
3683,Майкоп,Maikop
3684,,Miass
3685,,Armavir
3686,,Ljubertsy
3687,,Rubtsovsk
3688,,Kovrov
3689,,Nahodka
3690,,Ussurijsk
3691,,Salavat
3692,,Mytiti
3693,,Kolomna
3694,,Elektrostal
3695,,Murom
3696,,Kolpino
3697,,Norilsk
3698,,Almetjevsk
3699,,Novomoskovsk
3700,,Dimitrovgrad
3701,,Pervouralsk
3702,,Himki
3703,,Balaiha
3704,,Nevinnomyssk
3705,,Pjatigorsk
3706,,Korolev
3707,,Serpuhov
3708,,Odintsovo
3709,,Orehovo-Zujevo
3710,,Kamyin
3711,,Novoteboksarsk
3712,,Terkessk
3713,,Atinsk
3714,,Magadan
3715,,Miturinsk
3716,,Kislovodsk
3717,,Jelets
3718,,Seversk
3719,,Noginsk
3720,,Velikije Luki
3721,,Novokuibyevsk
3722,,Neftekamsk
3723,,Leninsk-Kuznetski
3724,,Oktjabrski
3725,,Sergijev Posad
3726,,Arzamas
3727,,Kiseljovsk
3728,,Novotroitsk
3729,,Obninsk
3730,,Kansk
3731,,Glazov
3732,,Solikamsk
3733,,Sarapul
3734,,Ust-Ilimsk
3735,,tolkovo
3736,,Mezduretensk
3737,,Usolje-Sibirskoje
3738,,Elista
3739,,Novoahtinsk
3740,,Votkinsk
3741,,Kyzyl
3742,,Serov
3743,,Zelenodolsk
3744,,Zeleznodoroznyi
3745,,Kinema
3746,,Kuznetsk
3747,,Uhta
3748,,Jessentuki
3749,,Tobolsk
3750,,Neftejugansk
3751,,Bataisk
3752,,Nojabrsk
3753,,Balaov
3754,,Zeleznogorsk
3755,,Zukovski
3756,,Anzero-Sudzensk
3757,,Bugulma
3758,,Zeleznogorsk
3759,,Novouralsk
3760,,Pukin
3761,,Vorkuta
3762,Дербент,Derbent
3763,,Kirovo-Tepetsk
3764,,Krasnogorsk
3765,,Klin
3766,,Taikovski
3767,,Novyi Urengoi
3768,,Ho Chi Minh City
3769,,Hanoi
3770,,Haiphong
3771,,Da Nang
3772,,Biên Hoa
3773,,Nha Trang
3774,,Hue
3775,,Can Tho
3776,,Cam Pha
3777,,Nam Dinh
3778,,Quy Nhon
3779,,Vung Tau
3780,,Rach Gia
3781,,Long Xuyen
3782,,Thai Nguyen
3783,,Hong Gai
3784,,Phan Thiêt
3785,,Cam Ranh
3786,,Vinh
3787,,My Tho
3788,,Da Lat
3789,,Buon Ma Thuot
3790,Талин,Tallinn
3791,,Tartu
3792,,New York
3793,,Los Angeles
3794,,Chicago
3795,,Houston
3796,,Philadelphia
3797,,Phoenix
3798,,San Diego
3799,,Dallas
3800,,San Antonio
3801,,Detroit
3802,,San Jose
3803,,Indianapolis
3804,Сан-Франциско,San Francisco
3805,,Jacksonville
3806,,Columbus
3807,,Austin
3808,,Baltimore
3809,,Memphis
3810,,Milwaukee
3811,,Boston
3812,,Washington
3813,,Nashville-Davidson
3814,,El Paso
3815,,Seattle
3816,,Denver
3817,,Charlotte
3818,,Fort Worth
3819,,Portland
3820,,Oklahoma City
3821,,Tucson
3822,,New Orleans
3823,Лас-Вегас,Las Vegas
3824,,Cleveland
3825,,Long Beach
3826,,Albuquerque
3827,,Kansas City
3828,Фресно,Fresno
3829,,Virginia Beach
3830,,Atlanta
3831,,Sacramento
3832,,Oakland
3833,,Mesa
3834,,Tulsa
3835,,Omaha
3836,,Minneapolis
3837,,Honolulu
3838,,Miami
3839,,Colorado Springs
3840,,Saint Louis
3841,,Wichita
3842,,Santa Ana
3843,,Pittsburgh
3844,,Arlington
3845,,Cincinnati
3846,,Anaheim
3847,,Toledo
3848,,Tampa
3849,,Buffalo
3850,,Saint Paul
3851,,Corpus Christi
3852,,Aurora
3853,,Raleigh
3854,,Newark
3855,,Lexington-Fayette
3856,,Anchorage
3857,,Louisville
3858,,Riverside
3859,Санкт- Петербург,Saint Petersburg
3860,,Bakersfield
3861,,Stockton
3862,,Birmingham
3863,,Jersey City
3864,,Norfolk
3865,,Baton Rouge
3866,,Hialeah
3867,,Lincoln
3868,,Greensboro
3869,,Plano
3870,,Rochester
3871,,Glendale
3872,,Akron
3873,,Garland
3874,,Madison
3875,,Fort Wayne
3876,,Fremont
3877,,Scottsdale
3878,,Montgomery
3879,,Shreveport
3880,,Augusta-Richmond County
3881,,Lubbock
3882,,Chesapeake
3883,,Mobile
3884,,Des Moines
3885,,Grand Rapids
3886,,Richmond
3887,,Yonkers
3888,,Spokane
3889,,Glendale
3890,,Tacoma
3891,,Irving
3892,,Huntington Beach
3893,,Modesto
3894,,Durham
3895,,Columbus
3896,,Orlando
3897,,Boise City
3898,,Winston-Salem
3899,,San Bernardino
3900,,Jackson
3901,,Little Rock
3902,,Salt Lake City
3903,,Reno
3904,,Newport News
3905,,Chandler
3906,,Laredo
3907,,Henderson
3908,,Arlington
3909,,Knoxville
3910,,Amarillo
3911,,Providence
3912,,Chula Vista
3913,,Worcester
3914,,Oxnard
3915,,Dayton
3916,,Garden Grove
3917,,Oceanside
3918,,Tempe
3919,,Huntsville
3920,,Ontario
3921,,Chattanooga
3922,,Fort Lauderdale
3923,,Springfield
3924,,Springfield
3925,,Santa Clarita
3926,,Salinas
3927,,Tallahassee
3928,,Rockford
3929,,Pomona
3930,,Metairie
3931,,Paterson
3932,,Overland Park
3933,,Santa Rosa
3934,,Syracuse
3935,,Kansas City
3936,,Hampton
3937,,Lakewood
3938,,Vancouver
3939,,Irvine
3940,,Aurora
3941,,Moreno Valley
3942,,Pasadena
3943,,Hayward
3944,,Brownsville
3945,,Bridgeport
3946,,Hollywood
3947,,Warren
3948,,Torrance
3949,,Eugene
3950,,Pembroke Pines
3951,,Salem
3952,,Pasadena
3953,,Escondido
3954,,Sunnyvale
3955,,Savannah
3956,,Fontana
3957,,Orange
3958,,Naperville
3959,,Alexandria
3960,,Rancho Cucamonga
3961,,Grand Prairie
3962,,East Los Angeles
3963,,Fullerton
3964,,Corona
3965,,Flint
3966,,Paradise
3967,,Mesquite
3968,,Sterling Heights
3969,,Sioux Falls
3970,,New Haven
3971,,Topeka
3972,,Concord
3973,,Evansville
3974,,Hartford
3975,,Fayetteville
3976,,Cedar Rapids
3977,,Elizabeth
3978,,Lansing
3979,,Lancaster
3980,,Fort Collins
3981,,Coral Springs
3982,,Stamford
3983,,Thousand Oaks
3984,,Vallejo
3985,,Palmdale
3986,,Columbia
3987,,El Monte
3988,,Abilene
3989,,North Las Vegas
3990,,Ann Arbor
3991,,Beaumont
3992,,Waco
3993,,Macon
3994,,Independence
3995,,Peoria
3996,,Inglewood
3997,,Springfield
3998,,Simi Valley
3999,,Lafayette
4000,,Gilbert
4001,,Carrollton
4002,,Bellevue
4003,,West Valley City
4004,,Clarksville
4005,,Costa Mesa
4006,,Peoria
4007,,South Bend
4008,,Downey
4009,,Waterbury
4010,,Manchester
4011,,Allentown
4012,,McAllen
4013,,Joliet
4014,,Lowell
4015,,Provo
4016,,West Covina
4017,,Wichita Falls
4018,,Erie
4019,,Daly City
4020,,Citrus Heights
4021,,Norwalk
4022,,Gary
4023,,Berkeley
4024,,Santa Clara
4025,,Green Bay
4026,,Cape Coral
4027,,Arvada
4028,,Pueblo
4029,,Sandy
4030,,Athens-Clarke County
4031,,Cambridge
4032,,Westminster
4033,,San Buenaventura
4034,,Portsmouth
4035,,Livonia
4036,,Burbank
4037,,Clearwater
4038,,Midland
4039,,Davenport
4040,,Mission Viejo
4041,,Miami Beach
4042,,Sunrise Manor
4043,,New Bedford
4044,,El Cajon
4045,,Norman
4046,,Richmond
4047,,Albany
4048,,Brockton
4049,,Roanoke
4050,,Billings
4051,,Compton
4052,,Gainesville
4053,,Fairfield
4054,,Arden-Arcade
4055,,San Mateo
4056,,Visalia
4057,,Boulder
4058,,Cary
4059,,Santa Monica
4060,,Fall River
4061,,Kenosha
4062,,Elgin
4063,,Odessa
4064,,Carson
4065,,Charleston
4066,,Charlotte Amalie
4067,,Harare
4068,,Bulawayo
4069,,Chitungwiza
4070,,Mount Darwin
4071,,Mutare
4072,,Gweru
4073,,Gaza
4074,,Khan Yunis
4075,,Hebron
4076,,Jabaliya
4077,,Nablus
4078,,Rafah
4079,Флоренция,Florence
4080,Анапа,Anapa
4081,Карфаген,Carthage
4082,Ростов,Rostov
4083,Пятигорск,Pyatigorsk
4084,Воронеж,Voronezh
4085,Канкун,Cancun
4086,Архангельск,Arkhangelsk
4087,Кириллов,Kirillov
4088,Чу,Chu
4089,Нур-Султан,Nur-Sultan
4090,Балхаш,Balkhash
4091,Приозерск,Priozersk
4092,Будва,Budva
4093,Брюссель,Brussels
4094,Алжир,Algeria
4095,Лос-Анжелес,Los Angeles